pdb_id,ligand_resname,ligand_chain,mode,engine,protocol,best_rmsd,success,runtime_sec,output_file,pose_count,best_score,dock_name,top1_rmsd,top5_rmsd,top10_rmsd,best_rmsd_rank,rmsd_best_score,rmsd_mean,rmsd_median,rmsd_std,near_native_fraction,score_rmsd_pearson,score_rmsd_spearman,protocols_tried,protocols_success,protocol_attempts,error_message,control_label,ligand_charge,rescore_method,rescore_score,rescore_cnn_score,rescore_cnn_affinity,rescore_error
1YET,GDM,A,single,smina,single,2.56681158994759,False,10.314218997955322,/Users/gerritkoorsen/docking_platform_gui/output/redock_analysis/1YET_GDM_Geldanamycin/variants/Geldanamycin_v39/docked.pdbqt,2.0,23.517292,Geldanamycin,2.579293188265655,2.56681158994759,2.56681158994759,2.0,,2.573052389106622,2.573052389106622,0.0062407991590325285,0.0,,,,,,,1,0.0,,,,,"Parse error on line 1 in file ""/Users/gerritkoorsen/docking_platform_gui/output/redock_analysis/1YET_GDM_Geldanamycin/variants/Geldanamycin_v39/docked.pdbqt"": Unexpected multi-MODEL input. Use ""vina_split"" first?"
1YET,GDM,A,single,smina,single,999.9,False,22.927682876586914,/Users/gerritkoorsen/docking_platform_gui/output/redock_analysis/1YET_GDM_C03404518/variants/C03404518_v15/docked.pdbqt,6.0,-4.44281626,C03404518,,,,,,,,,,,,,,,,0,-1.0,,,,,"Parse error on line 1 in file ""/Users/gerritkoorsen/docking_platform_gui/output/redock_analysis/1YET_GDM_C03404518/variants/C03404518_v15/docked.pdbqt"": Unexpected multi-MODEL input. Use ""vina_split"" first?"
1A4H,GDM,A,single,smina,single,2.662948143324651,False,12.607356071472168,/Users/gerritkoorsen/docking_platform_gui/output/redock_analysis/1A4H_GDM_Geldanamycin/variants/Geldanamycin_v39/docked.pdbqt,2.0,-2.74559999,Geldanamycin,2.6961423135297515,2.662948143324651,2.662948143324651,2.0,,2.679545228427201,2.679545228427201,0.016597085102550313,0.0,,,,,,,1,0.0,,,,,"Parse error on line 1 in file ""/Users/gerritkoorsen/docking_platform_gui/output/redock_analysis/1A4H_GDM_Geldanamycin/variants/Geldanamycin_v39/docked.pdbqt"": Unexpected multi-MODEL input. Use ""vina_split"" first?"
1A4H,GDM,A,single,smina,single,999.9,False,23.29148578643799,/Users/gerritkoorsen/docking_platform_gui/output/redock_analysis/1A4H_GDM_C03404518/variants/C03404518_v15/docked.pdbqt,14.0,-4.43437672,C03404518,,,,,,,,,,,,,,,,0,-1.0,,,,,"Parse error on line 1 in file ""/Users/gerritkoorsen/docking_platform_gui/output/redock_analysis/1A4H_GDM_C03404518/variants/C03404518_v15/docked.pdbqt"": Unexpected multi-MODEL input. Use ""vina_split"" first?"
2YGA,GDM,A,single,smina,single,2.5708573520817675,False,13.255126714706421,/Users/gerritkoorsen/docking_platform_gui/output/redock_analysis/2YGA_GDM_Geldanamycin/variants/Geldanamycin_v39/docked.pdbqt,6.0,-2.41084623,Geldanamycin,2.6216427259652924,2.5708573520817675,2.5708573520817675,4.0,,2.618081911611674,2.627637038543597,0.027059494731071224,0.0,,,,,,,1,0.0,,,,,"Parse error on line 1 in file ""/Users/gerritkoorsen/docking_platform_gui/output/redock_analysis/2YGA_GDM_Geldanamycin/variants/Geldanamycin_v39/docked.pdbqt"": Unexpected multi-MODEL input. Use ""vina_split"" first?"
2YGA,GDM,A,single,smina,single,999.9,False,23.682884216308594,/Users/gerritkoorsen/docking_platform_gui/output/redock_analysis/2YGA_GDM_C03404518/variants/C03404518_v15/docked.pdbqt,15.0,-4.05435085,C03404518,,,,,,,,,,,,,,,,0,-1.0,,,,,"Parse error on line 1 in file ""/Users/gerritkoorsen/docking_platform_gui/output/redock_analysis/2YGA_GDM_C03404518/variants/C03404518_v15/docked.pdbqt"": Unexpected multi-MODEL input. Use ""vina_split"" first?"
2WEQ,GDM,A,single,smina,single,2.7324607731023485,False,16.893484115600586,/Users/gerritkoorsen/docking_platform_gui/output/redock_analysis/2WEQ_GDM_Geldanamycin/variants/Geldanamycin_v39/docked.pdbqt,2.0,-1.4279089,Geldanamycin,2.7324607731023485,2.7324607731023485,2.7324607731023485,1.0,,2.760115701604933,2.760115701604933,0.027654928502584886,0.0,,,,,,,1,0.0,,,,,"Parse error on line 1 in file ""/Users/gerritkoorsen/docking_platform_gui/output/redock_analysis/2WEQ_GDM_Geldanamycin/variants/Geldanamycin_v39/docked.pdbqt"": Unexpected multi-MODEL input. Use ""vina_split"" first?"
2WEQ,GDM,A,single,smina,single,999.9,False,25.37751078605652,/Users/gerritkoorsen/docking_platform_gui/output/redock_analysis/2WEQ_GDM_C03404518/variants/C03404518_v15/docked.pdbqt,8.0,-3.86643577,C03404518,,,,,,,,,,,,,,,,0,-1.0,,,,,"Parse error on line 1 in file ""/Users/gerritkoorsen/docking_platform_gui/output/redock_analysis/2WEQ_GDM_C03404518/variants/C03404518_v15/docked.pdbqt"": Unexpected multi-MODEL input. Use ""vina_split"" first?"
1BGQ,RDC,A,single,smina,single,0.611149621811444,True,1.968513011932373,/Users/gerritkoorsen/docking_platform_gui/output/redock_analysis/1BGQ_RDC_Radicicol/variants/Radicicol_v70/docked.pdbqt,2.0,-3.87025905,Radicicol,0.611149621811444,0.611149621811444,0.611149621811444,1.0,,0.6111558480423951,0.6111558480423951,6.226230951089651e-06,1.0,,,,,,,1,0.0,,,,,"Parse error on line 1 in file ""/Users/gerritkoorsen/docking_platform_gui/output/redock_analysis/1BGQ_RDC_Radicicol/variants/Radicicol_v70/docked.pdbqt"": Unexpected multi-MODEL input. Use ""vina_split"" first?"
1BGQ,RDC,A,single,smina,single,999.9,False,4.607096910476685,/Users/gerritkoorsen/docking_platform_gui/output/redock_analysis/1BGQ_RDC_C08346183/variants/C08346183_v27/docked.pdbqt,9.0,-3.74808431,C08346183,,,,,,,,,,,,,,,,0,0.0,,,,,"Parse error on line 1 in file ""/Users/gerritkoorsen/docking_platform_gui/output/redock_analysis/1BGQ_RDC_C08346183/variants/C08346183_v27/docked.pdbqt"": Unexpected multi-MODEL input. Use ""vina_split"" first?"
4EGK,RDC,A,single,smina,single,0.6115870247082416,True,2.103760004043579,/Users/gerritkoorsen/docking_platform_gui/output/redock_analysis/4EGK_RDC_Radicicol/variants/Radicicol_v70/docked.pdbqt,2.0,-1.3068645,Radicicol,0.6116172822155928,0.6115870247082416,0.6115870247082416,2.0,,0.6116021534619172,0.6116021534619172,1.5128753675597295e-05,1.0,,,,,,,1,0.0,,,,,"Parse error on line 1 in file ""/Users/gerritkoorsen/docking_platform_gui/output/redock_analysis/4EGK_RDC_Radicicol/variants/Radicicol_v70/docked.pdbqt"": Unexpected multi-MODEL input. Use ""vina_split"" first?"
4EGK,RDC,A,single,smina,single,999.9,False,5.433171987533569,/Users/gerritkoorsen/docking_platform_gui/output/redock_analysis/4EGK_RDC_C08346183/variants/C08346183_v27/docked.pdbqt,3.0,-2.60080218,C08346183,,,,,,,,,,,,,,,,0,0.0,,,,,"Parse error on line 1 in file ""/Users/gerritkoorsen/docking_platform_gui/output/redock_analysis/4EGK_RDC_C08346183/variants/C08346183_v27/docked.pdbqt"": Unexpected multi-MODEL input. Use ""vina_split"" first?"
2WER,RDC,A,single,smina,single,0.5789000920452918,True,3.7583041191101074,/Users/gerritkoorsen/docking_platform_gui/output/redock_analysis/2WER_RDC_Radicicol/variants/Radicicol_v70/docked.pdbqt,3.0,-3.02237916,Radicicol,0.578953517984768,0.5789000920452918,0.5789000920452918,2.0,,0.5789446393113359,0.578953517984768,3.3344356108272446e-05,1.0,,,,,,,1,0.0,,,,,"Parse error on line 1 in file ""/Users/gerritkoorsen/docking_platform_gui/output/redock_analysis/2WER_RDC_Radicicol/variants/Radicicol_v70/docked.pdbqt"": Unexpected multi-MODEL input. Use ""vina_split"" first?"
2WER,RDC,A,single,smina,single,999.9,False,9.491204977035522,/Users/gerritkoorsen/docking_platform_gui/output/redock_analysis/2WER_RDC_C08346183/variants/C08346183_v27/docked.pdbqt,5.0,-3.63405252,C08346183,,,,,,,,,,,,,,,,0,0.0,,,,,"Parse error on line 1 in file ""/Users/gerritkoorsen/docking_platform_gui/output/redock_analysis/2WER_RDC_C08346183/variants/C08346183_v27/docked.pdbqt"": Unexpected multi-MODEL input. Use ""vina_split"" first?"
2IWU,NP5,A,single,smina,single,1.3096166596355305,True,4.028510093688965,/Users/gerritkoorsen/docking_platform_gui/output/redock_analysis/2IWU_NP5_Radicicol/variants/Radicicol_v43/docked.pdbqt,7.0,-6.0376358,Radicicol,1.3096506644063548,1.3096506644063548,1.3096166596355305,6.0,,1.3096565415858177,1.309653671652112,2.343761981916257e-05,1.0,,,,,,,1,0.0,,,,,"Parse error on line 1 in file ""/Users/gerritkoorsen/docking_platform_gui/output/redock_analysis/2IWU_NP5_Radicicol/variants/Radicicol_v43/docked.pdbqt"": Unexpected multi-MODEL input. Use ""vina_split"" first?"
2IWU,NP5,A,single,smina,single,999.9,False,10.240063905715942,/Users/gerritkoorsen/docking_platform_gui/output/redock_analysis/2IWU_NP5_C08346183/variants/C08346183_v27/docked.pdbqt,5.0,-5.40044928,C08346183,,,,,,,,,,,,,,,,0,0.0,,,,,"Parse error on line 1 in file ""/Users/gerritkoorsen/docking_platform_gui/output/redock_analysis/2IWU_NP5_C08346183/variants/C08346183_v27/docked.pdbqt"": Unexpected multi-MODEL input. Use ""vina_split"" first?"
9FMM,A1IDX,,single,smina,N/A,999.9,False,0.0,,,,MLN-4760,,,,,,,,,,,,,,,PDB code 9FMM not found in RCSB database,1,,,,,,
9FMM,A1IDX,,single,smina,N/A,999.9,False,0.0,,,,C06239327,,,,,,,,,,,,,,,PDB code 9FMM not found in RCSB database,0,,,,,,
